timestamp,model_name

2026-02-11 17:54:36.508287,model_v1.pkl
2026-02-11 18:01:21.484807,model_v1.pkl
2026-02-11 20:59:09.734266,model_v1.pkl
2026-02-11 21:04:32.016692,model_v1.pkl
2026-02-11 21:04:33.679663,model_v1.pkl
2026-02-11 21:04:38.847884,model_v1.pkl
2026-02-11 21:06:41.276570,model_v1.pkl
2026-02-11 21:06:42.816197,model_v1.pkl
2026-02-14 19:25:11.960936,model_v1.pkl
2026-02-14 19:27:45.568553,model_v1.pkl
2026-02-14 19:27:47.479251,model_v1.pkl
2026-02-14 19:27:52.860070,model_v1.pkl
2026-02-14 19:32:37.726693,model_v1.pkl
2026-02-14 19:32:39.782462,model_v1.pkl
2026-02-15 14:39:12.764415,model_v1.pkl
2026-02-15 15:51:09.750828,model_v1.pkl
